{
  "accuracy": 0.8947368264198303,
  "loss": 0.20706506073474884,
  "val_accuracy": 0.8888888955116272,
  "val_loss": 0.26029980182647705,
  "epoch": 16,
  "global_step": 85
}